id;minimo;ofertas;fecha
0;0.02;50+;29/09/2026
1;0.02;50+;29/09/2026
2;0.02;49+;29/09/2026
3;0.10;69;25/09/2026
4;0.02;50+;29/09/2026
5;0.02;50+;29/09/2026
6;0.04;39;25/09/2026
7;0.02;50+;29/09/2026
8;0.03;40;25/09/2026
9;0.02;49+;29/09/2026
10;0.02;50+;29/09/2026
11;0.03;48;25/09/2026
12;0.10;31;29/09/2026
13;0.05;39;25/09/2026
14;0.50;49+;29/09/2026
15;0.02;50+;29/09/2026
16;0.02;49+;29/09/2026
17;0.02;50+;29/09/2026
18;0.19;45;25/09/2026
19;0.02;50+;29/09/2026
20;0.02;50+;29/09/2026
21;0.02;49+;29/09/2026
22;0.02;50+;29/09/2026
23;0.02;50+;29/09/2026
24;0.02;50+;29/09/2026
25;0.02;50+;29/09/2026
26;0.02;49+;29/09/2026
27;2.50;41;25/09/2026
28;0.02;50+;29/09/2026
29;0.02;50+;29/09/2026
30;0.02;50+;29/09/2026
31;0.02;49+;29/09/2026
32;0.03;40;25/09/2026
33;0.02;49+;29/09/2026
34;24.00;51;25/09/2026
35;47.00;18;29/09/2026
36;0.02;50+;29/09/2026
37;0.02;50+;29/09/2026
38;0.50;35;25/09/2026
39;5.00;36;29/09/2026
40;0.19;37;25/09/2026
41;0.02;50+;29/09/2026
42;0.03;33;25/09/2026
43;0.02;50+;29/09/2026
44;5.45;48;25/09/2026
45;0.02;49+;29/09/2026
46;0.02;50+;29/09/2026
47;0.02;50+;29/09/2026
48;0.04;49+;29/09/2026
49;0.44;49+;29/09/2026
50;0.70;44;27/09/2026
51;0.50;49+;27/09/2026
52;1.35;24;29/09/2026
53;0.45;49+;27/09/2026
54;0.80;49+;27/09/2026
55;0.38;50+;27/09/2026
56;0.25;49+;27/09/2026
57;0.85;50+;29/09/2026
58;0.99;42;29/09/2026
59;1.80;49+;29/09/2026
60;1.74;38;29/09/2026
61;0.02;49+;29/09/2026
62;12.00;24;25/09/2026
63;0.02;50+;29/09/2026
64;0.02;50+;29/09/2026
65;0.02;50+;29/09/2026
66;0.05;50+;29/09/2026
67;0.02;50+;29/09/2026
68;0.50;63;25/09/2026
69;0.02;50+;29/09/2026
70;0.02;50+;29/09/2026
71;0.02;50+;29/09/2026
72;0.02;50+;29/09/2026
73;0.02;50+;29/09/2026
74;0.02;50+;29/09/2026
75;0.02;50+;29/09/2026
76;0.02;50+;29/09/2026
77;0.02;50+;29/09/2026
78;7.99;16;25/09/2026
79;0.02;50+;29/09/2026
80;0.03;43;25/09/2026
81;0.04;50+;29/09/2026
82;0.02;50+;29/09/2026
83;0.02;50+;29/09/2026
84;0.02;50+;29/09/2026
85;6.00;38;29/09/2026
86;0.02;50+;29/09/2026
87;0.02;50+;28/09/2026
88;0.02;50+;28/09/2026
89;0.02;50+;28/09/2026
90;0.02;49+;28/09/2026
91;0.02;50+;28/09/2026
